log_returns,predictions,strategy_log_return
-0.0011321891558833106,0.524884,-0.0
-0.0065454551457063085,0.5341822,-0.0
-0.008158940266751345,0.60122514,-0.0015375276284388712
-0.0021339410865439507,0.5991328,-0.0032892273640077597
0.014559506485491713,0.60084593,0.02218667044520373
0.0029489762744178273,0.6568649,0.004221382352142962
0.006925545971505655,0.6807587,0.010417396756933896
-0.0008683845950616468,0.6732512,-0.0014304383970065787
0.004972519373935739,0.60093355,0.00806004334551721
0.0036990752630183237,0.6128455,0.00613613093414137
-0.0001305442936382633,0.63204557,-0.00023964332260487619
-0.002948700995456274,0.64459807,-0.004955932625261677
0.010794014599480895,0.62557185,0.018015866133630785
-0.01915681920731027,0.65117776,-0.03241138066611215
-0.0008393894328894387,0.6643796,-0.0014063136241476669
0.007157069459676148,0.59554726,0.010046548943239702
-0.004655163262760606,0.5900095,-0.006518953263148386
0.0035830461350551623,0.5472701,0.003736110405848659
0.0067117199232792635,0.59326017,-0.0014325943095561263
0.01150218190353436,0.53458154,0.01647020756231515
1.7473402195147748e-05,0.45788273,2.4401069992899652e-05
0.002146068198485628,0.4612613,0.001632397390958596
0.0020824686362514704,0.4541624,0.0
0.004625718421421313,0.5025321,0.0
0.0010469016298636597,0.49777466,0.0
-0.00608595272610467,0.4672053,-0.0
0.003471834314499749,0.5125144,0.0
3.81197702106429e-05,0.55249083,-0.0014238218059789312
0.006587563269860502,0.51299715,0.009377766844740707
-0.0006295555507356148,0.52581316,-0.0009105008363890297
0.0005092350398646701,0.52688307,-0.0007060123966551083
-0.0022763982294083576,0.48693097,-0.0
0.0015778199046987368,0.46386707,0.0
0.0010115259764941317,0.5204599,0.0
0.00880233031501038,0.58567727,-0.0016335888341923186
-0.0021941578177337947,0.5555121,-0.003595416237485822
-0.0003690492159152899,0.56304044,-0.0006211116517419319
0.004674363645274567,0.5398056,0.006043757333396253
0.0010709327032427903,0.54126257,0.0
0.0009509820792062627,0.533729,0.0
-0.007530446595791227,0.52982724,-0.0
-0.002126258023403761,0.53927356,-0.0
0.009592136693001303,0.50303626,0.0
-0.004481005718174968,0.4733654,-0.0
-0.01664951500981834,0.5089673,-0.0
-0.0016067060560347969,0.5427357,-0.0
-0.0030259808595018596,0.5298841,-0.0
0.0037133830511016726,0.5259294,0.0
-0.024426474437570796,0.52434504,-0.0
0.0079839893634224,0.46123815,0.0
0.005822012301521938,0.45590577,0.0
0.008855954415357753,0.49419722,0.0
-0.005854458419773705,0.50331825,-0.0
-0.006772240853415355,0.515307,-0.0
0.008459939625435921,0.49901876,0.0
-0.0028283966108148314,0.5071237,-0.0
-0.011985681943016436,0.5274185,-0.0
0.0013526549633799585,0.53729415,0.0
-0.008410962003432774,0.5338529,-0.0
-0.006935919833646164,0.52431464,-0.0
0.002096277031744833,0.4930983,0.0
-0.013283187543648078,0.47866347,-0.0
-0.002769067908266677,0.50318474,-0.0
0.02120590232217955,0.49860743,0.0
0.008128733116814899,0.5257417,0.0
0.006116844939692654,0.53542674,0.0
0.010442980027269892,0.5085477,0.0
0.0046492226262494244,0.5337794,0.0
-0.00034993807146250003,0.4915751,-0.0
-0.002039663774722221,0.5105943,-0.0
0.004089008864639257,0.49928883,0.0
-0.001612807587531756,0.44484365,-0.0010169157576783165
0.00093130109699637,0.46518394,-0.0009679300887335291
0.009670497163039447,0.47009012,-0.01005380084602899
0.002980730141062033,0.49502307,-0.004060129745102367
0.00942758127737494,0.48968887,0.0
-0.0012599923298071609,0.49091843,-0.0
-0.001733400904302287,0.52922803,-0.0
-0.009541770544716905,0.53023213,-0.0
-0.0012347116248143642,0.5227265,-0.0
0.0038158883683474492,0.50927556,0.0
0.005740945999783157,0.50356716,0.0
0.007643029310015423,0.54010314,0.0
0.0029238366128209827,0.55350995,-0.001282556268340179
0.007643109507034923,0.5255783,0.009798341582365979
-0.0018075488155421986,0.5269056,-0.0023294248834798644
-0.004847152553144958,0.53358775,-0.007543785205554042
0.001235782419211788,0.5562388,-0.0013541772951717623
0.0045005517390433025,0.5316607,0.0060430301939253936
0.0022826049710747607,0.5071329,0.0031600004236065045
0.004609531857975653,0.48936892,0.005249455493579631
0.00017584401022740885,0.5060438,0.0
-0.003409581359505424,0.51298183,-0.0
-0.006552659792503698,0.545995,-0.0
0.0035756025605543887,0.519608,0.0
-0.006195889480245687,0.51893246,-0.0
0.002824694365048887,0.53555083,0.0
0.006824164701727632,0.5294227,0.0
0.004677196778300731,0.51638395,0.0
-0.005276317479033593,0.48726115,-0.0
0.007360540600725698,0.47247082,0.0
-0.0016174097784052493,0.45221022,-0.0
-0.002582005570623435,0.46188572,-0.0
-0.010945190684515766,0.4733764,-0.0
-0.009039519316589632,0.526542,-0.0
-0.007309419211901018,0.5092105,-0.0
-0.03023016208358668,0.5045151,-0.0
0.012933013700777157,0.52530134,0.0
0.0007665958837026665,0.4989803,0.0
0.018588459816052425,0.5056337,0.0
-0.006638598058195028,0.49423757,-0.0
-0.012393791374559437,0.51849836,-0.0
0.015018340141399234,0.556875,-0.0010145969913194332
-0.029730362441873767,0.56365967,-0.031178933275680835
0.0024612366961521996,0.56441015,0.0
0.014323046395867118,0.542112,0.0
0.012033185716061752,0.5076333,0.0
-0.007946217877328045,0.51750386,-0.0
0.00821297210480141,0.48323953,0.0
-0.0005061754347781955,0.46498236,-0.0
-0.02628890043473184,0.473135,-0.0
0.010923121308848798,0.45023403,0.0
-0.0032083319923270257,0.5312695,-0.0
0.006524141413449647,0.54899305,0.0
0.012607504258443371,0.5375118,0.0
0.0006425866282088049,0.44358277,-0.0007456610718403696
-0.006923029401107576,0.3916539,0.005160181271927868
0.010783722026351545,0.42204908,-0.008024852561717671
0.012925922894213253,0.45939705,-0.010272137720214286
0.0009102039182753089,0.45449778,0.0
-9.403841605477147e-05,0.45805013,-0.0
0.0003222655402596992,0.41666555,-0.0007320788637181572
0.007203659291708398,0.42439505,-0.005277485989667962
0.0028750373351772874,0.43539822,-0.002102380942434428
-0.0007246849224239567,0.44969434,0.0005270569253323098
-0.0031405023545416464,0.4758143,0.0015922580898919201
0.002578428587944307,0.46302196,0.0
0.00034262353493549175,0.47773176,0.0
1.995503465594414e-05,0.50005287,0.0
-0.004907575538623573,0.5083835,-0.0
-9.696098511125931e-05,0.52428615,-0.0
-0.00845197838104937,0.508151,-0.0
0.006139678693710976,0.5256974,0.0
-0.0024318710236335014,0.52980053,-0.0
-0.005330541995716127,0.5353757,-0.0
0.005034926684707536,0.53240097,0.0
-0.012334130226057026,0.5128198,-0.0
-0.01806540675789211,0.51074225,-0.0
0.007940313249194352,0.5140884,0.0
0.0141167760260528,0.49336466,0.0
-0.004488362257589361,0.47642964,-0.0
-0.015683131947807297,0.42824677,-0.0011925211063670061
0.009063281399759014,0.43262362,-0.010828162032423951
0.006395209064411206,0.44295093,-0.007498941064963953
0.010879567248398938,0.45758772,-0.01393456543142101
-0.0013880758878041508,0.4590026,-0.0
0.00990643560457018,0.4576872,0.0
-0.0020015478407895476,0.46028557,-0.0
0.0027590521066270853,0.48634335,0.0
-0.003927045645713622,0.4907785,-0.0
0.0068481074978751595,0.4784305,0.0
-0.0035750557426104746,0.48756623,-0.0
0.0028430935856431803,0.49026918,0.0
0.0019185981834693214,0.5003931,0.0
0.0040644263323678705,0.51968855,0.0
0.005565828873633255,0.5306085,0.0
-0.0008327423154771752,0.5462316,-0.0
0.0032480805464734537,0.5026406,0.0
-0.0030274185926440532,0.5019295,-0.0
0.009615912979833942,0.5280786,0.0
0.0036972434088297424,0.53122413,0.0
-0.0011864019570633321,0.50774044,-0.0
0.0007022466604841379,0.47821894,0.0
0.0027263745105253214,0.49080637,0.0
0.0025574204730365348,0.51545244,0.0
-0.001964405649033155,0.56560105,-0.0012734981133044972
0.0015634303812796658,0.5259442,0.0019078201718080643
0.0007112650284779068,0.52976227,0.000717513582053184
0.0008367107899245784,0.49619195,-0.00026194296833912376
0.0076660357457708885,0.46567404,0.0
0.0005030044207048551,0.5034835,0.0
-0.0005927708564153326,0.46251535,-0.0
-0.0037632337137877996,0.50847834,-0.0
-0.0015840312391350534,0.46977887,-0.0
0.002172573969691297,0.43540144,-0.002
0.0074792668150372365,0.46541035,-0.014958533630074473
0.0021931550573749954,0.494862,-0.004386310114749991
0.00416574729448199,0.5112733,-0.01033149458896398
-0.004019285461855324,0.47446963,-0.0
-0.008668495431824897,0.48327044,-0.0
-0.0066602039527518175,0.4752444,-0.0
0.006303638685847347,0.47685087,0.0
0.0014991199143316843,0.46265358,0.0
0.009094252330768451,0.46567956,0.0
-0.0031678173789171124,0.4882914,-0.0
-0.0010975548602935618,0.47560433,-0.0
0.002903949235233178,0.4804873,0.0
0.008538671890442804,0.5258656,0.0
7.255375541388682e-05,0.5180323,0.0
0.007122391651237605,0.5412227,0.0
0.0003352146109771036,0.5274232,0.0
-0.00043238519693108854,0.51932836,-0.0
0.004449371133993546,0.5198953,0.0
0.004932610261391819,0.48913142,0.0
0.00086575659030548,0.49696308,0.0
-0.0001954589413016008,0.5021571,-0.0
0.00511505334035266,0.49853155,0.0
3.398184909698199e-05,0.50111824,0.0
-0.0057976021775765895,0.5113773,-0.0
0.0029416937024937355,0.5338971,0.0
0.00834390514978309,0.5348906,0.0
-0.007084909359839504,0.51472414,-0.0
0.0035271354449885476,0.5420131,0.0
-0.002807175833974325,0.55855876,-0.0019498911594766305
0.004890468249821333,0.57212377,0.009519886357130702
0.006633244037575673,0.56703126,0.012814699078006224
-0.0028592766804582032,0.4760292,-0.007514808472743554
0.0069519985553048325,0.44900134,-0.0018914908223673368
-0.0015156867779034724,0.45282707,0.0028388025133324313
0.0018684390818971862,0.49976704,-0.003667052134898565
0.008331771781651686,0.5109838,-0.018663543563303374
0.0038547056017280905,0.49025077,0.0
-0.002655506970599219,0.49368632,-0.0
0.00028904605969510904,0.4842613,0.0
0.0011403144471457103,0.47855058,0.0
-0.009083268789936675,0.5045851,-0.0
-0.0158557559480411,0.49365982,-0.0
0.01000338118224672,0.49683157,0.0
-0.0008672538403249466,0.5166306,-0.0
0.0031294539584422647,0.5171886,0.0
-0.017864445938820493,0.5670485,-0.0014469459138804098
0.007228425083450842,0.5629486,0.010433593437527217
0.01486932632270232,0.57495755,0.021042480236530835
0.011187762569961991,0.56920505,0.01482638116193455
0.0033201587174575293,0.536372,0.002994412837502878
-0.005415470514539197,0.5070402,-0.0
0.007299681994505119,0.47239962,0.0
0.00168704507351715,0.43365443,-0.0012636553050244992
0.0064418675537450355,0.44907936,-0.008150646791734354
-0.0016318030809039043,0.45324674,0.0020757671894097
0.0018418447883728302,0.48392022,-0.003611555062350005
-0.0029242219939107773,0.49297115,-0.0
0.0046947591823759665,0.50747025,0.0
-0.003822810945766042,0.50176126,-0.0
-0.010573815022893411,0.50805485,-0.0
-0.034088077119718924,0.48612309,-0.0
-0.030747894188901708,0.4575307,-0.0
-0.003785707429141436,0.48190963,-0.0
-0.045168142012242396,0.4844109,-0.0
-0.00827244991427585,0.48964578,-0.0
0.04501086517277787,0.48934093,0.0
-0.028510496965974956,0.51185745,-0.0
0.041336349592367705,0.49199572,0.0
-0.034510790641792875,0.48365724,-0.0
-0.017200935741993616,0.46301132,-0.0
-0.07901039208227291,0.4505501,-0.0
0.04821504412661991,0.47182506,0.0
-0.0501028933153897,0.47245225,-0.0
-0.09994485568020663,0.48395786,-0.0
0.08880839675292464,0.48138708,0.0
-0.12765218306533924,0.4793214,-0.0
0.05822628906125666,0.48586226,0.0
-0.05322225498339527,0.48305485,-0.0
0.004696763073460723,0.49729264,0.0
-0.04432763662433127,0.4923792,-0.0
-0.029731492566541326,0.50027394,-0.0
0.08968324250380817,0.49168628,0.0
0.011468998208523158,0.48851284,0.0
0.060543826378568824,0.48187324,0.0
-0.03426784604443033,0.4598479,-0.0
0.03296657815014714,0.4816321,0.0
-0.016142305210898853,0.49580857,-0.0
-0.045146367418007594,0.5158847,-0.0
0.02257265612944036,0.51233715,0.0
-0.015252860840200081,0.5082628,-0.0
0.06796823320806748,0.5110174,0.0
-0.0016043317232304628,0.49234277,-0.0
0.033489382847015935,0.50310004,0.0
0.014383474542832082,0.51084673,0.0
-0.01015606456245454,0.50431806,-0.0
0.03011456789724921,0.4838471,0.0
-0.02227674988750678,0.46983168,-0.0
0.0057998230646387535,0.4730193,0.0
0.026440963867117688,0.4667414,0.0
-0.018042864309024128,0.46414152,-0.0
-0.031155095816266385,0.46851042,-0.0
0.022671300242961868,0.47300684,0.0
-0.0005395999041152027,0.46661526,-0.0
0.013822111461719605,0.47162277,0.0
0.014606871524449172,0.48267266,0.0
-0.005256174383759823,0.4907326,-0.0
0.026236698130889177,0.49008003,0.0
-0.009255150860855394,0.4917618,-0.0
-0.02846018635123911,0.4855313,-0.0
0.0042408122145938705,0.4892134,0.0
0.00899991732738227,0.4912447,0.0
-0.007003873643627521,0.48556325,-0.0
0.01143894906335469,0.4860907,0.0
0.01673079277043223,0.47703058,0.0
0.00013307190190723928,0.47984847,0.0
-0.020713357629562903,0.47497174,-0.0
-0.017616990635854767,0.47013772,-0.0
0.01145891780407149,0.46599147,0.0
0.003918692254435327,0.4481138,-0.00044336899713711694
0.0310151876199215,0.44157392,-0.013755680599879597
-0.010539757778119907,0.4485785,0.004545733092399681
0.016514002281781796,0.45172963,-0.009083057091639575
-0.00780396912441398,0.47912902,-0.0
0.002350965520250863,0.46594507,0.0
0.012214261971750162,0.46617573,0.0
0.014718459679629982,0.4690906,0.0
-0.0021101385393776264,0.4711842,-0.0
0.004800800706969944,0.45834982,0.0
0.003744209268851587,0.44381014,-0.0006096578010067572
0.008177311160913735,0.45072037,-0.005003103577970543
0.013556655038617247,0.45081335,-0.008566425595277101
-0.003374382826809357,0.45604533,0.0016344829983019377
0.02587400216210068,0.44522324,-0.0006783190917558247
0.011969668608388082,0.45405877,-0.008121163580983004
-0.007829755581376987,0.44478965,0.0053244158040861396
-0.0053272435431177614,0.4456697,0.0036151258393657226
-0.06075269454208999,0.44272175,0.04108148813866494
0.012976299439118075,0.44922146,-0.006960977962207906
0.008277851152373124,0.4683449,-0.004966592132147288
0.018784852043162676,0.48860705,0.0
-0.003606796221336869,0.4624449,-0.0
0.0005940441542647076,0.45963916,0.0
-0.005665514300189248,0.47928745,-0.0
0.0064740877637197505,0.45886305,0.0
0.004298159097032061,0.4668623,0.0
-0.026195245949416766,0.45175385,-0.0
0.01089981739007166,0.45641714,0.0
-0.024525217335129464,0.473216,-0.0
0.014578907539069857,0.483361,0.0
0.01529233363768146,0.4983614,0.0
0.005009574193531731,0.4851055,0.0
0.004530969738785765,0.4882971,0.0
0.015756943165826313,0.49434358,0.0
-0.01087747702372038,0.49590477,-0.0
0.007796963141685937,0.4910626,0.0
-0.005659593904948943,0.48525918,-0.0
0.010411813000986475,0.48968777,0.0
-0.00940662366648347,0.4879203,-0.0
0.013317285189446137,0.48593786,0.0
0.009041075877543929,0.48735836,0.0
-0.0034119182072365776,0.47463298,-0.0
0.0028445588044740708,0.4704162,0.0
0.008371794922284731,0.49719512,0.0
0.0016776106203393963,0.4893821,0.0
0.005730639622957727,0.4580251,0.0
-0.012396376192837734,0.44845554,-0.0005886347272977881
-0.006209630936814592,0.45980868,0.0034038674673841935
0.007367919738353258,0.47698563,-0.00619927240368654
-0.006494444545821185,0.4572237,0.004672476781153363
0.012351783509674948,0.4587771,0.0
-0.003757280031150208,0.46011662,-0.0
0.007641221962940272,0.4622611,0.0
0.00715536566594263,0.4454617,-0.0008678101839362994
0.0036054223254121686,0.43937087,-0.003131027188915997
0.0064091575198012216,0.4580349,-0.005577862726734
0.00640712827419005,0.4665635,-0.006430992090412556
0.0006328241436065945,0.45506293,0.0
0.0027384827334759297,0.44953668,-0.0012013049559770758
-0.008001076540012132,0.46631545,0.009611481524783744
0.01389951540750514,0.48401877,-0.016705107905342898
-0.0020492827488653733,0.47972858,0.0012718343016885857
-0.00017188732202856133,0.48126364,-0.0
0.002706179700074356,0.49459657,0.0
0.002300728889572129,0.48697942,0.0
-0.00441411400799994,0.4607207,-0.0
0.003153651189335086,0.4681191,0.0
0.0034351993029498864,0.48075178,0.0
0.009993610391285334,0.4700994,0.0
0.0035899032926029555,0.46045756,0.0
0.01014401195043249,0.45549625,0.0
0.0016716264045830256,0.48544997,0.0
0.00671001407851169,0.4606336,0.0
-0.0021973605623918048,0.47440845,-0.0
0.007496818926814166,0.48096952,0.0
0.0152490541901656,0.4688567,0.0
-0.03575758553966423,0.46222547,-0.0
-0.008166281339922978,0.470442,-0.0
-0.028148836850612823,0.47389975,-0.0
0.019944768520225944,0.4454108,-0.0008379268524852739
-0.017741269817969925,0.45058912,0.014839729722508545
0.0005329513271484091,0.43398377,-0.00043485866153167253
0.012661314711189059,0.43689746,-0.010315605690170192
0.005205811831507181,0.42364055,-0.004190776886133305
-0.004629658363745304,0.43189424,0.0037320663481024917
-0.008447955322129995,0.43196043,0.006789656532121997
-0.011245565213035068,0.41902596,0.008984085324599333
-0.01163856023328854,0.4274933,0.00919862006705116
0.010463013321640107,0.43490592,-0.008169576086511985
-0.024007355215383903,0.44719794,0.018443239584621123
0.0029830160424714155,0.44274226,-0.002194119984714484
0.01585044733696148,0.44239962,-0.01185206566242358
0.015982180710499286,0.4621734,-0.012303905256278173
-0.004824274620304632,0.47369692,-0.0
0.008219833784947334,0.47899675,0.0
0.005278935121522738,0.4713189,0.0
-0.0096238049565307,0.47224087,-0.0
0.017813116223432103,0.4820248,0.0
-0.014072056358330686,0.4661914,-0.0
0.017247142944376154,0.4479423,-0.0006536222073421157
0.007978231350353955,0.45094717,-0.005216939838064018
0.008755090968819029,0.44620743,-0.005745830516066568
0.016282536313335257,0.46622878,-0.011262745255299775
-0.006326908928120747,0.45372844,-0.0
-0.006645169344888089,0.41838083,-0.000639249028803985
-0.0015289137675462187,0.4269593,0.00096426942519994
0.00013491886559672435,0.43538132,-0.00016791474380631203
-0.01646468178356088,0.47086424,0.011323835737433435
0.004716196711445668,0.47365686,0.0
-0.002198096967475522,0.45586723,-0.0
0.005205344778990405,0.44564012,-0.0008543495368450486
0.0034398376343483025,0.4531111,-0.00293939442259166
-0.01876446651276594,0.48371962,0.01599373770538976
-0.0030302232963619175,0.46407273,0.0016786144717768547
-0.035925541733399326,0.45897487,-0.0
0.011876531654281495,0.44378066,-0.0007123323128750755
-0.012203699257211351,0.4351012,0.00869159074986874
0.012242941894852779,0.4147779,-0.008704034366336013
0.01764273113976949,0.41701233,-0.012530572715487753
0.02180751722459777,0.44404212,-0.015200741279378285
0.019273291710741144,0.43468836,-0.01372528388759334
-0.00028778229327254095,0.4222874,0.0001876272888158909
0.011631986544879366,0.43070754,-0.008191025162769944
-0.0014007834839128777,0.41753393,0.000992960329276201
0.007622733236580265,0.42648816,-0.006148194503699725
-0.010028650918596152,0.43546283,-0.0007047960076127699
0.01351854881353869,0.45054832,-0.010232615240113187
0.01158073223781288,0.4531615,0.0
-0.004803448562423891,0.44571945,-0.0007312018246578473
-0.011631213479601318,0.45479575,0.00850075970821892
0.003938681840916141,0.45490912,-0.0028986200129083864
-0.006815743554647316,0.46419513,0.004292493443110352
0.005620122546834858,0.4532006,0.0
0.016032452098294566,0.45171195,0.0
-0.001585672070281109,0.44756317,-0.0007452863056303867
0.002394112315803866,0.42849115,-0.0017848977635877966
-0.004606136535359951,0.42511907,0.0034329215833898913
0.011208149247894879,0.4188608,-0.008349437370840596
0.0017895485348597621,0.41600674,-0.001366263719704258
-0.0006243414287024246,0.41295934,0.0004758509494081451
0.008797451078871196,0.4081979,-0.006730122532346548
-0.0019374982121646263,0.4060482,0.0014745263111889675
0.0027832605897471193,0.41011274,-0.0021578350187578805
-0.007980956333667728,0.41647384,0.006391403617666387
-0.0012859425036208737,0.4121229,0.0008158119255568031
-0.0012657880604534375,0.41013077,0.0012555578807320704
-0.0043687962305264194,0.41323695,0.004363201444615321
0.012838474692829475,0.4175493,-0.013433798709218112
0.001771224362064208,0.4184719,-0.0018958846425072861
0.0057411539661148085,0.41598484,-0.006362808976239593
-0.003517305463488601,0.41491735,0.004094745612646376
-0.003913931142698518,0.41964576,0.00501907362865861
-0.002075241419957014,0.41544974,0.0026060221045630964
0.0007455332737925254,0.41516355,-0.000980811498231886
0.003530363807621059,0.41232818,-0.004656584267973269
0.008684694369857252,0.41584533,-0.011592027284982872
-0.002229873321192395,0.4093311,0.00298408065692759
0.0013406481091209083,0.3916422,-0.0019945180729061653
0.006418223602363756,0.4076457,-0.009662999853178061
-0.014864771769224907,0.40873533,0.02238282505226801
0.007057630025241565,0.40690443,-0.010255498995173562
0.0056936073540782015,0.40310794,-0.008204792339309602
0.014738247858241089,0.3955437,-0.02169794594319966
0.005476839390127243,0.40682405,-0.008953002941071871
-0.006576321297195737,0.40479043,-0.0014542930712926317
0.00041569309092447424,0.4023333,-0.0006047452515691589
0.0022730704581438083,0.41572675,-0.0033281600645926088
-0.0037605265388745705,0.41543162,0.005509827640754683
-0.007215990506594139,0.4105569,0.010935073274066402
0.008103454448169666,0.41589898,-0.012001416317383773
0.01383942117257678,0.42953908,-0.02150154703364544
0.0003166807646354167,0.40931734,-0.0013980269221639792
-0.00301515324825853,0.41216666,0.004206518178083415
0.003609307961462827,0.40863088,-0.005059799959468815
-0.0014899457008001333,0.39381406,0.0021369889282218356
-0.026013315868638212,0.40507445,0.03700987566372343
0.009713308524122166,0.39615494,-0.011083252022731069
-0.01950037956365066,0.40247163,0.021903461525114326
0.015924295638786157,0.38005838,-0.016940901485854698
0.013802541602421144,0.38830635,-0.013962118540419543
0.0010082440826528817,0.39113948,-0.0009937744155244753
0.010794855877440189,0.40393394,-0.010651638624284369
0.003889922713460068,0.41794837,-0.003791576638275193
0.007372104940914913,0.41690928,-0.007199669467301893
-0.0011141435206928618,0.42574912,0.00108040639047346
-0.000345245120110264,0.41540483,0.0003267135240334303
0.0016610748072916825,0.41730672,-0.0016265718210553073
0.0046999720968684934,0.41338694,-0.005587560062673547
-0.0005694369955041351,0.41696757,-0.0009819250921768552
-0.0003204508638788187,0.41470617,0.00026070973728997926
-0.004425612306311029,0.41863814,0.0045818807836802145
-0.0018566165820490526,0.4007457,0.0019172596694827155
-0.007762902892533376,0.4048708,0.008007559919480186
0.0012555251833221816,0.41843373,-0.0013356511159843694
0.011287664038767272,0.4206458,-0.012033444484072156
-0.024783383201487447,0.41568786,0.025953792644532497
-0.00476153607103222,0.40580323,0.004430404945054502
0.023512181949861776,0.4081378,-0.021891765339767548
-0.008113696941617949,0.40735754,0.006957635727648116
-0.013152318131987126,0.40252024,0.011241457274614277
-0.013508037960082262,0.5249543,0.010513600095279012
0.019308337787066563,0.50825006,0.0
-0.00537363183326193,0.49437642,-0.0
0.014055389446329294,0.48698905,0.0
0.006012225075486786,0.48921743,0.0
0.010341817954390289,0.51398027,0.0
0.001014883324412736,0.5185653,0.0
0.006470926035999347,0.53868544,0.0
-0.0015708966885024493,0.54032296,-0.0
0.0028752304677808174,0.54003525,0.0
-0.014870545764613177,0.5431507,-0.0
-0.000602895051283216,0.5439783,-0.0
0.007000559372378099,0.56832254,-0.000934582238334737
-0.007660126186859508,0.57114327,-0.0071606785629841066
-0.005482329697449497,0.5659002,-0.00511891225177632
0.005226576528552477,0.5730143,0.00484902150329943
0.016494413826353246,0.556696,0.015207470918634903
-0.0008683767488223089,0.57089096,-0.0007722865862419145
-0.0031628447938841803,0.56968105,-0.002813259866839261
0.003615967795400912,0.5679125,0.0032077437220138175
0.01175582428390844,0.56303823,0.010403416852379539
0.014334989068374257,0.559335,0.012495649461794902
-0.0009740121349786755,0.57461077,-0.0008403238151742772
0.0014741678296181662,0.5597407,0.0012714300487291998
0.0042117336337160905,0.5633096,0.003621530635114086
0.007690292339420789,0.56961805,0.0066142560119400885
-0.0001961052667184507,0.5711287,-0.00020013913069808078
0.003289069640782914,0.58593714,0.0031477290952454957
-0.004096083150219321,0.61073184,-0.004444300176798324
0.011033085548909699,0.59903073,0.012060336723078291
0.0036023250892980316,0.5261856,0.002978339984149427
-0.005320678090511675,0.570799,-0.0013116985626385894
-0.006825579275577724,0.5340686,-0.008964041069439094
0.00926302569209731,0.48236665,0.012010196431364984
-0.009253327895628998,0.51706886,-0.01373471264471876
0.01086939993906966,0.49616876,0.0
0.0017806856932636585,0.4784617,0.0
-0.00021491842252078727,0.48201594,-0.0
-0.000845888252405112,0.47175494,-0.0
0.006740032222547358,0.48371643,0.0
-0.007220715124308544,0.5185961,-0.0
0.002744337316204057,0.55875325,-0.0013789196478137026
-0.006700737419690891,0.5864464,-0.009265693659414449
0.0007031954443804451,0.5887794,0.000905498247282008
0.008132305905622235,0.5791708,0.011361569129314473
0.0073462960636077775,0.5604226,0.010378596705719908
-0.010490475274578066,0.57426167,-0.014768093712471227
-0.008711755359605885,0.54619616,-0.013881717302994565
-0.021682792536882413,0.5242474,-0.0
0.012099654192200689,0.5063698,0.0
0.01480777912515529,0.5105846,0.0
-0.0025332681280973417,0.5345966,-0.0
-0.0085537577020345,0.5249735,-0.0
-0.002947751226265737,0.5620464,-0.0011419087962861647
0.01049941931751669,0.56462,0.01196501531565103
-0.0007841751073522773,0.57097346,-0.0008907584730663369
0.009862487528944242,0.57518494,0.011139609432579653
-0.002127540180112374,0.57953066,-0.0023570008601542665
0.0018750452544051735,0.5751657,0.0020726090670953614
0.0011646483736128318,0.5184727,0.00018325835692240586
0.0007685910954955957,0.54357773,0.0
-0.0004924727887221105,0.55260503,-0.0011564153868457298
0.0014458942486147396,0.5441584,0.0016562395404102514
-0.003635298412696689,0.56148964,-0.004281524072451422
0.008795294143248063,0.59090024,0.010478875323815535
-0.0007970522097587213,0.5074278,-0.002157398749348269
0.0001750223023049304,0.5223409,0.0
-0.0018255418332614414,0.54103816,-0.0
0.004641461600437423,0.4797837,0.0
0.0019465234712153475,0.48305768,0.0
0.0018135655828523164,0.47448456,0.0
-0.002013729705857135,0.49869913,-0.0
-0.005404692334833238,0.49299818,-0.0
-0.0004358029561890723,0.50126,-0.0
-0.013211363259518182,0.5049184,-0.0
0.013905153141239511,0.4839351,0.0
0.005111405874197504,0.5225998,0.0
-0.0010838710817555274,0.5403467,-0.0
0.0057944318028640114,0.5550677,-0.0014811756496919215
0.003325072316692429,0.5672374,0.004851245271390175
0.0023122963233731817,0.54683924,0.003440121379512822
0.0002772880925559911,0.5380367,-0.0012360702814736683
0.0013272795151061919,0.5380887,0.0
0.005208031847341378,0.54267955,0.0
0.007472095427540494,0.5307307,0.0
-0.002023901711197804,0.5361748,-0.0
0.0033533594906819744,0.5312687,0.0
-0.008597890558463597,0.51409876,-0.0
0.01121483043477715,0.49981084,0.0
0.003445237688302239,0.49988836,0.0
-0.003523006160705296,0.48163617,-0.0
0.001164246553465819,0.47488505,0.0
-0.0032675690866391734,0.48467004,-0.0
-0.0075674083007627015,0.5005397,-0.0
-0.015996799582650833,0.5253513,-0.0
0.01504882365490495,0.5463627,0.0
0.008208022584447817,0.5470532,0.0
0.002014653180915904,0.544901,0.0
0.010094319060166316,0.5594392,-0.001321928459060027
0.0023793747168766,0.5456428,0.0031450445277050446
-0.004723573447312945,0.559657,-0.0062581295068340394
-0.00018629645040542386,0.5615202,-0.0002469057426171329
0.004197339658867141,0.55096966,0.005480965148571903
-0.0054207052569735185,0.55358815,-0.007208809282496687
-0.0018445035187035668,0.52743155,-0.0037183478978838258
0.008169950836753299,0.5266785,0.0
-0.0046431401942389275,0.520321,-0.0
0.005987476582415816,0.5251715,0.0
0.0016738596169775285,0.5063385,0.0
-0.000940345333791698,0.5312278,-0.0
0.000992186425080875,0.5058378,0.0
0.0012749405662730745,0.52524245,0.0
0.004137802791016937,0.5214302,0.0
0.0016060114171270044,0.51962376,0.0
0.0026174309818667143,0.53759634,0.0
-0.0070857473091584244,0.5157553,-0.0
-0.01080666220175435,0.5433653,-0.0
0.001255906630866394,0.5585077,-0.0014299058129604886
0.008108600029730737,0.56528914,0.011561641888605506
0.008487676223046688,0.56393075,0.012384273867464856
0.0014946198418768768,0.53974646,0.0007079564294632261
0.0022176438404651892,0.5454875,0.0
-0.005841940618416614,0.5520449,-0.0014248819016587657
0.008769067728944095,0.5457917,0.012485638391451883
0.004297319293010224,0.5440456,0.005947824485825698
-0.0013500129355656846,0.5184697,-0.003875681083597977
0.00031162503554463944,0.5206258,0.0
0.002838616458040825,0.4938921,0.0
-0.0003350829544631136,0.49125472,-0.0
-0.0034013545082278085,0.4579178,-0.0
-0.001319445462980044,0.45022076,-0.0
-0.0046162384812883945,0.4322778,-0.0019504147514199973
-0.007752550683550183,0.45392427,0.01504722939469076
0.0022738998107479642,0.4621656,-0.004308539779116377
-0.005763219391926047,0.49243465,0.009133412437419882
0.008438296323251835,0.49225748,0.0
-0.0015523457589172464,0.5022842,-0.0
-0.009152638030158868,0.5230194,-0.0
-0.01712306549004436,0.52311254,-0.0
-0.0008127026500434412,0.5460742,-0.0
0.009474586380290731,0.5499341,0.0
0.012061693113434819,0.54255044,0.0
0.001459942804959862,0.5337866,0.0
-0.002780240039633838,0.5345952,-0.0
-0.020574322055332436,0.5437656,-0.0
0.0015679593479206503,0.5609457,-0.0012547530729974071
-0.011981220973814677,0.5553288,-0.015042956977818043
0.011425952216359555,0.54719293,0.014179269748323385
-0.013070933999937525,0.5390981,-0.016830876761027135
0.010469504999553951,0.5254739,0.0
0.0040944016911015554,0.52469784,0.0
0.008264048112232062,0.51654917,0.0
-0.0019155743781388537,0.52171105,-0.0
-0.006889441175804082,0.50980294,-0.0
-0.002419696731012319,0.5196091,-0.0
0.0030179553347657734,0.52777934,0.0
0.016919171105043044,0.5347657,0.0
0.0074325090481373365,0.534773,0.0
0.0033691003524570426,0.5259067,0.0
0.007366137880338079,0.5282175,0.0
0.0036573206677255115,0.5225175,0.0
0.0029914055588603043,0.5136079,0.0
-0.0010731330028727936,0.52857697,-0.0
0.00473696423363219,0.51302797,0.0
0.001818128616510003,0.5236075,0.0
-0.005064356511624948,0.5048195,-0.0
0.009781278344207965,0.50025165,0.0
0.0019474457229045343,0.49699613,0.0
0.001798450472509106,0.5079309,0.0
0.0036736113555949357,0.5154338,0.0
0.006440489922507373,0.5323695,0.0
0.004173236386713902,0.5411153,0.0
0.0037258443578142147,0.5436757,0.0
0.0008873918977766564,0.5639504,-0.0012353979129992403
-0.0035049119233799596,0.5536267,-0.004556532542819677
-0.008259833757375561,0.5479805,-0.012138216863974842
0.0005507757255752215,0.53038657,-0.0006286347504913001
0.0071967022655550425,0.5131226,0.0
-1.0741379517177051e-05,0.5120548,-0.0
0.0038577795595556223,0.51801205,0.0
-0.00260501964982348,0.5138534,-0.0
0.003379061102524433,0.51324385,0.0
-0.0013996279870592404,0.49739054,-0.0
-0.003202275473674823,0.48277158,-0.0
0.0016557712244478784,0.5113547,0.0
0.002291231085938874,0.5301406,0.0
-0.0229870232086985,0.5562151,-0.0015630522139483045
0.013113835628098357,0.54880196,0.020427074050927346
-0.019143376992336782,0.554115,-0.030064321580494654
-0.011885550113429818,0.541724,-0.0
0.014094647563591505,0.5333429,0.0
-0.008484450317427047,0.5380378,-0.0
0.01166258920925261,0.537796,0.0
0.02049560795031451,0.5432718,0.0
0.003080543895616996,0.5371777,0.0
-0.007206995537259129,0.5334984,-0.0
0.009503763968929562,0.52489775,0.0
-0.009178157377043689,0.54482913,-0.0
-0.007498729116294103,0.5613443,-0.0009980581929883083
0.016216277290422892,0.5446475,0.016141586416551855
-0.008781868494228337,0.54277676,-0.008392918918896165
-0.010340967845245384,0.5520344,-0.009810133002449309
-0.01145339465222509,0.54550004,-0.011629395599523897
0.01762176386180875,0.55956864,-0.0008729928261583122
0.010128732644456274,0.5659909,0.008830440768312405
0.00620439560314492,0.49902013,0.005337892379555975
0.013744051197255589,0.54469705,0.011036041332093323
-0.0010106562670495135,0.5449928,-0.0
0.0014009215509761218,0.5415169,0.0
-0.002994238393575073,0.5790495,-0.0008496014080604936
-0.0026296333792205826,0.57086235,-0.0022341586677302873
0.006353827721501595,0.55666715,0.005395111155039945
-0.0006298370336797239,0.49196473,-0.0013798042907283178
-0.019583251501832124,0.5204531,-0.0
-0.0009642393920414291,0.48656684,-0.0
-0.004058436910401298,0.48569292,-0.0
-0.001442082075336308,0.47120804,-0.0
0.009118289677805012,0.4474259,-0.000874461893677349
0.0028137976491929336,0.47523206,-0.0025161492923487234
-0.01434602654427307,0.5089859,0.01333187355942465
0.0008196415862162241,0.55543333,-0.0026198481848752164
-0.018559097878394968,0.56405735,-0.017617098628396395
-0.009736791380036821,0.57539916,-0.008807346287953953
-0.011098745531011806,0.562028,-0.010159959515357657
-0.019096009096553658,0.5887108,-0.018515397248539473
0.002767918070466212,0.6001277,0.0025538133604736993
-0.012246593378153049,0.6265197,-0.012230845234795631
-0.0014977524342583354,0.5923614,-0.0009360628074947573
-0.005398632822385761,0.5717977,-0.005989522203850518
0.024055960498375634,0.5483931,0.0
0.018709824656062555,0.5121523,0.0
0.006839552794698399,0.5001524,0.0
0.009378412785082162,0.50252026,0.0
-0.024693484712930994,0.47243863,-0.0
0.005143690985837567,0.51335853,0.0
-0.0037085880592355146,0.52195185,-0.0
0.008366108660616054,0.5765292,-0.0008542909854106472
0.01441285599812677,0.585858,0.01228327171887988
-0.018281824908007893,0.6171952,-0.015105817343615595
-0.01915169580476044,0.6275068,-0.015302336553526868
-0.003847987415366838,0.568668,-0.0029682594538907262
0.015643717199000595,0.59453374,0.012043368100959245
0.0008808328185996869,0.5726761,0.0006599534867859342
-0.02140050397077605,0.5905866,-0.01604111870120459
-0.007191973463750329,0.5788951,-0.005352509341600403
-0.010194723497493289,0.5897972,-0.007572954707478493
-0.018583743734135204,0.61909616,-0.014455119619835187
0.014846106345712727,0.64226586,-0.0007079906615734059
0.022126078923741972,0.6274119,0.015627748501581926
-0.0024456003951703748,0.57309407,-0.0016488307522146484
-0.015594450337468245,0.5412365,-0.011272489325006014
0.018471029893004472,0.55068856,-0.0006611677412150817
-0.005268519717031241,0.5614815,-0.0034864690234093177
-0.007965680635569444,0.5263391,-0.005294263872083285
-0.02996259325794548,0.48482928,-0.020659187127216077
-0.00726003243782159,0.4994974,-0.0
0.02537360101599016,0.47679362,0.0
-0.004301058523325394,0.4944735,-0.0
-0.013046264499396922,0.50301445,-0.0
-0.007448676145163794,0.4688189,-0.0
0.021182622024970933,0.47296235,0.0
0.022136928974541403,0.47734708,0.0
0.012272191684392812,0.50485855,0.0
0.011594815519322477,0.51471984,0.0
-0.0004347455745195577,0.52216667,-0.0
0.011240702264022406,0.5374912,0.0
-0.012348646105121793,0.52660054,-0.0
0.0142420296743806,0.5399188,0.0
0.00505338013955333,0.556327,-0.0006289867028107723
0.007119537637225959,0.550011,0.00446035094255617
0.012182048876066111,0.56998533,0.007873964464211174
-0.006313588486644048,0.55120903,-0.004062176160869344
-0.015776326588398722,0.53988254,-0.010901525277146962
0.0034044193819054934,0.5181131,0.0
0.008058366442153127,0.5139077,0.0
-0.012631154859671487,0.51820314,-0.0
-0.009764430637262157,0.5031919,-0.0
0.004244374755211923,0.5145415,0.0
-0.00265455204847812,0.54165107,-0.0
-0.0170213345279209,0.5533113,-0.0006939549098344753
-0.0034233028284936023,0.55054206,-0.0023918886673623355
0.011112592363942507,0.54603446,0.007877518075954777
-0.012218480504463256,0.5457803,-0.009585476056467692
-0.00020488874076888134,0.5275868,-0.0
0.015930062931775152,0.52822125,0.0
-0.0006186741091143356,0.5324979,-0.0
-0.014862846644920295,0.5484985,-0.0
-0.02813208286005661,0.5681483,-0.0007468836359944939
0.005681757668569282,0.56538326,0.004230972292430756
-0.02855000380519426,0.57246685,-0.02174254251958121
0.0020958572385146486,0.5664654,0.001437476644963477
0.02444564600458133,0.56640244,0.017931530200803784
-0.03695915392332947,0.563235,-0.02754293997999599
0.005659197568658232,0.56634545,-0.0006641746818292632
0.004825465616761077,0.57586175,0.003202296112416779
0.029425211792711823,0.57485366,0.01942428348127085
-0.036300676621782775,0.58003217,-0.022567768147202516
-0.005690390879591651,0.5872793,-0.003290213612031138
-0.03256150648250866,0.5851454,-0.019698991939817938
0.0024548671098168664,0.5612884,-0.0005623676228016288
-0.016600227932322038,0.5421167,-0.009340932801691695
-0.001296791387616073,0.5344108,-0.0013042782459593756
0.023589264235278046,0.5309883,0.0
-0.003954212798702348,0.5242436,-0.0
0.019968922591194902,0.5357807,0.0
-0.04123381792847181,0.54009163,-0.0
-0.005850866727327065,0.5551916,-0.0004999312700000074
0.00014613920360614753,0.55412376,7.169198092340799e-05
0.01838499731444223,0.5680888,0.009204266757189728
-0.008153945948249348,0.5846432,-0.003992325803830263
0.009406385602538606,0.57651025,0.00463073050420247
0.01968816408299731,0.5698272,0.00961796381616408
0.024441118944911626,0.59338975,0.011763538128723052
-0.006294127494147463,0.56439835,-0.0029512395496931482
-0.007510899711666156,0.5442876,-0.003987503861800381
0.018263214854883702,0.54743785,0.0
-0.01648240931908153,0.5424408,-0.0
0.003132504790968752,0.5500935,-0.0004790739672570818
0.009478331476285417,0.548214,0.004539423601161747
-0.010852633606485144,0.5550451,-0.005198796990434118
-0.02408644504461616,0.5631729,-0.011872706140718694
-0.029542424589107386,0.55691606,-0.014201566984639922
-0.03953992550362897,0.5575857,-0.01945940046375393
-0.0037808173946970044,0.5609973,-0.00047790241664675523
0.014487056184644877,0.5679005,0.00691817280722438
-0.033052215017083934,0.5636047,-0.016095666935200547
0.002198455962779235,0.57844585,-0.0005006838350477731
0.02418246128971606,0.58861864,0.01209023270204377
-0.0013024077456519265,0.59254724,-0.0006501758835615526
0.009487075657180464,0.58348817,0.004779423367887117
0.030105537080807647,0.5736104,0.015077051723203543
-0.002977504289823121,0.56543535,-0.001443223520412021
-0.020348684023550882,0.5599701,-0.009864471210522866
-0.0007119803149314159,0.55156964,-0.00034870783088779804
-0.008797867434066409,0.5561342,-0.00431893326833137
0.010498512474604482,0.5605072,0.005211895972919122
0.001582871324856268,0.56567353,0.000851172920510984
0.003566799457030911,0.56282693,0.001921197984114875
0.014853713087749605,0.55624944,0.007991732385162084
-0.0008306075842827254,0.562978,-0.00045197633148759685
-0.01159443027717642,0.56745124,-0.006305335975350638
-0.009286873074843084,0.5721314,-0.0050578742552117965
-0.004466859031662644,0.5645366,-0.0025082715075088148
-0.003003126572164298,0.5583649,-0.0017464740528597691
0.019019223989550024,0.5486405,0.010484272426146232
-0.008398738739448835,0.5392768,-0.0
0.027253506513884546,0.54194355,0.0
0.0058785038672229985,0.5376413,0.0
0.009813079491612175,0.5252919,0.0
-0.009376295165558251,0.5264543,-0.0
0.001314301687463995,0.5261269,0.0
-0.011610358104732104,0.52686304,-0.0
0.025820059386866705,0.53273165,0.0
0.012060313867023076,0.54873353,0.0
0.014107774093655833,0.555548,-0.0006529943068950649
-0.0028270629142373442,0.5516489,-0.0019287321854437507
-0.006684702672815086,0.5597751,-0.004925758527348474
0.015517461126397614,0.55926025,0.011269152189770603
-0.0007776471578055255,0.5283023,-0.0013328579377141548
-0.001627069035158774,0.51899403,-0.0
-0.0012382971317690986,0.52537495,-0.0
-0.004257757837984153,0.49532738,-0.0
0.021067153896483275,0.47706878,0.0
-0.0007057193998464985,0.49047878,-0.0
0.017174051046168808,0.50659734,0.0
0.00396167605889174,0.5217978,0.0
0.0018739324596749468,0.5346759,0.0
-0.007264125095926922,0.54589206,-0.0
0.0022669907213344587,0.5465793,0.0
-0.012983916069532885,0.5303238,-0.0
-0.021632379392643838,0.5378054,-0.0
-0.0022403573966938675,0.55505025,-0.0007906702457787367
0.002911907251337381,0.55850935,0.002297379437924518
0.013993242459803342,0.5864161,0.011126007567051533
-0.034268575208244896,0.60322684,-0.02778966960570315
-0.006688674054377682,0.6127433,-0.0007042431814642683
-0.011089417688594195,0.58934575,-0.00784906965409074
-0.007847735170298194,0.5638983,-0.005838636553163016
0.0029917528580290054,0.5350364,0.0014761351304804066
-0.010794555650084825,0.51329213,-0.0
-0.004103472797107165,0.5122439,-0.0
0.018174854942300117,0.52823853,0.0
0.006588963301096609,0.56305194,-0.0007812617783420553
0.015156021054425109,0.57121867,0.011833123759512022
0.010528663952442601,0.5706378,0.008136540709094706
-0.04419918420441579,0.5567435,-0.03532934864500875
0.003381297132769869,0.53913707,0.0
-0.011382269092585887,0.53721535,-0.0
-0.0072080447288216,0.55920583,-0.0006607623097774106
0.00683369398020931,0.57301056,0.004510989126677557
-0.011336124845404432,0.58727,-0.007444402620435316
-0.01726467424140515,0.5873826,-0.011264987433577189
-0.00846328288321987,0.5736029,-0.005453842081366333
-0.017382826077567966,0.5519218,-0.012346959708725335
-0.010394376865970473,0.5485709,-0.0
-0.0021226109775338642,0.5394433,-0.0
0.019481144387776417,0.542939,0.0
-0.02135277627216209,0.55135274,-0.0006465161381203428
-0.015181364387214813,0.5640618,-0.009816481817525643
0.025554573722716883,0.5753185,0.016441716933855717
0.0301253416720636,0.5738727,0.018140572597762146
-0.0020199869563126836,0.573612,-0.0011530763705382932
-0.010297920383574249,0.56678796,-0.005878737930001194
-0.02840319464258475,0.5388702,-0.01676817532696773
-0.007520667752029659,0.5373568,-0.0
-0.006540517092709575,0.5348193,-0.0
-0.0032962112146206366,0.52719045,-0.0
0.025634264198272128,0.53045374,0.0
-0.023947108614299654,0.5305821,-0.0
0.02613552900287911,0.54983324,0.0
0.011362760181543908,0.52743775,0.0
-0.006694463767139565,0.5315135,-0.0
-0.007982691453665232,0.5386107,-0.0
0.02344776785243657,0.50547415,0.0
0.01181194339402132,0.4966117,0.0
0.01613576490375625,0.49974468,0.0
-0.007415137863931564,0.54584754,-0.0
-0.006101198489902984,0.5635642,-0.0005747433152223513
0.024328060209827685,0.5637886,0.013962962300836813
-0.0074823326001846775,0.55830485,-0.004155362350688694
-0.004109668156809684,0.5486789,-0.002835914828983265
-0.025319855358494996,0.5463852,-0.0
-0.010642409523561058,0.54017925,-0.0
0.013526808340509369,0.5293212,0.0
0.009568061802673562,0.5467184,0.0
0.005582293716530953,0.56356055,-0.0005521370471124629
-0.020996774332801834,0.56384695,-0.011597506559633493
0.053952502879819245,0.5582621,0.02949189473410699
0.009198308724866527,0.55478185,0.004485123401225816
-0.008975932620755751,0.56184304,-0.004454257639582802
0.008675381307597811,0.5685432,0.004353343795826303
-0.00828629787208508,0.5765408,-0.004340151191778835
-0.0030940842852146917,0.59218,-0.0016158184817406857
0.004747288210231315,0.60108346,0.0024615780709669115
-0.003891263336834974,0.6010037,-0.0021527420549535057
0.01348862221644268,0.5958865,0.0074825877760527175
0.005897258152997836,0.60519266,0.0032687154104740416
-0.0002830861063201677,0.59761953,-0.0001738702757966542
-0.015564702970797472,0.587453,-0.008925484067540724
-0.0015931189130163933,0.58158386,-0.0009565768898048893
0.03047863735937998,0.5746832,0.018515441676825135
-0.0008680002489885575,0.5707979,-0.0005067807512502861
-0.001195370433268135,0.5771215,-0.0007015509031676268
-0.01805625859482373,0.5632423,-0.010609787800154166
-0.01450387492900042,0.54955864,-0.009104001970711479
-0.0018641103362005025,0.5506731,-0.0005897211345003999
0.0074936375106618896,0.5441034,0.00441815102919386
-0.007376712631789228,0.5283231,-0.004358415778997996
0.014178313307158883,0.52218974,0.007774289220824424
0.00726321229633422,0.52018535,0.0
-0.006071108121340974,0.5186,-0.0
-0.025237485821247796,0.4966427,-0.0
-0.011200241872590382,0.49670762,-0.0
-0.009048330186461504,0.5066591,-0.0
0.0010367993723891533,0.52216274,0.0
0.014758542490485688,0.52197695,0.0
-0.014557129880454565,0.5389356,-0.0
0.0058509585596468175,0.55052054,-0.000807376328203217
-0.004057852264075677,0.5570546,-0.003286496282407509
-0.01209346269904926,0.546207,-0.009894242004937562
0.017310618960093668,0.5571473,0.01402731786860329
-0.0025439680351095257,0.5637525,-0.002007555900073742
-0.004008570540477626,0.572208,-0.003175200435835894
0.007510700225055215,0.57948333,0.005941359205756355
-0.01171387612470488,0.5844453,-0.009237959718045403
0.02258384058962552,0.5851849,0.017541978224701188
-0.0007679298307715868,0.56997156,-0.0005785184369787293
0.006953994859315529,0.5705175,0.005225450430816091
0.012767569322620258,0.56519675,0.009533451857614889
0.0034100812898591065,0.5642336,0.0025621321675015226
0.003988900664545887,0.5710935,0.002905840032489206
-0.0020325511182382617,0.5741013,-0.0017081106603454336
-0.015684976207600933,0.58036435,-0.013200348224993606
-0.007667669411607896,0.58584815,-0.006286047787548357
0.01874167108295153,0.58352965,0.015789043553200054
0.01181132812013917,0.5760533,0.009736655289961019
-0.0007117545093184377,0.56884444,-0.0005830793646868477
-0.00018174643434897735,0.57716024,-0.00015520724419329003
0.010947692942043265,0.5840062,0.009011753184335716
0.002491751986262078,0.5912345,0.002069420335856524
-0.013053584348635272,0.58552223,-0.0109421320930092
0.014536309852563684,0.5736176,0.011888833954014574
0.010398065204964965,0.5551606,0.009142284541042009
0.014592383368003585,0.54798114,0.01214808153000508
-0.01040859613973452,0.55937064,-0.00087005293368288
-0.006159392594660956,0.5827468,-0.005369889183694407
0.012790358716411092,0.58541757,0.011242904939575355
-0.011142564095461467,0.5808156,-0.010115511223802661
-0.008869018747987324,0.5631783,-0.007826485840481607
0.002192865258876484,0.54923934,0.0010382818774139222
0.011383550959928976,0.54282206,0.0
-0.0002804402584723827,0.5523399,-0.00092125630322129
0.0027693339427078125,0.55405,0.002544618591367484
-0.013884692730397922,0.56532943,-0.012918188344414848
-0.0027712362432060133,0.5669243,-0.0024998115449883012
-0.020244783912759655,0.56538737,-0.018578283056743427
-0.001574810749407133,0.5634151,-0.0014371126283328074
0.005315298383510954,0.57405114,0.004843821113247778
-0.010593482344963268,0.56968623,-0.00969093312670716
0.0030683048311681872,0.5685802,0.0028199639060194222
-0.0030406228735850335,0.57643694,-0.002797129723158978
-0.0047364617348550206,0.57937354,-0.004363707955104055
0.00755359244158347,0.58372635,0.006906080990560476
0.016018750422337764,0.59578556,0.015165625620433675
0.0006869235409689211,0.57063526,0.0005818873154501256
-0.015445589387486485,0.5799516,-0.01508804193041111
0.0014137960008770059,0.5777848,0.0013521640878219182
-0.01863184742414116,0.57896703,-0.01786831167672185
-0.014583974375263167,0.56686157,-0.014107679421133472
-0.0015109075093273313,0.5430651,-0.0
0.016342380801371525,0.55332446,-0.000879827503179693
-0.007005362092428368,0.5465114,-0.00619298534685778
0.01740957698115753,0.54147035,0.015800879454918364
-0.01108061198131624,0.5437252,-0.01062620601459157
0.008878875748083027,0.52657646,0.0
0.012898635217663082,0.5108232,0.0
-0.016600236904571027,0.520858,-0.0
0.0029800838470393862,0.5374623,0.0
0.005623958124210314,0.550279,-0.0008815950695382533
0.0016455897389303137,0.57740253,0.0014503317373112119
-0.001575080840930101,0.5930996,-0.0014107847524416081
0.014136885973273916,0.5827215,0.012742149812210219
0.005698994319520591,0.5638566,0.00496684545390243
0.014333332458113465,0.5534721,0.012443407316827648
0.0036920208239218416,0.5479423,0.0023274593304867795
-0.005813847507923722,0.56505,-0.0009179453638784315
-0.002495478026751627,0.5400424,-0.002291500775551934
0.00357276417297688,0.5219379,0.0032748830763213318
0.0009958207108417179,0.5419675,-3.841017205559656e-06
-4.137234603381265e-05,0.5506199,-0.0009401440267289329
-0.004143434313621296,0.58381736,-0.0038970550536516373
0.013175494985035908,0.5694413,0.012349155147793925
-0.0020715228788319236,0.5580599,-0.0019143359041982537
0.0033007066229486497,0.54687923,0.0021306587682835016
0.0008548565007422538,0.5477347,0.0
-8.426611243268408e-05,0.57080615,-0.0010121299556846966
-0.005970339945819703,0.56025374,-0.0060530457093717184
0.000902785990925368,0.56701297,0.0008155870380257108
0.0008512120612239251,0.5838979,0.0008522388981947438
-0.015937170155156718,0.5999487,-0.018682092437018537
-0.00384858531692303,0.6129027,-0.004213661746155689
0.019377191561751744,0.60656434,0.02187532577174673
0.008219335430820908,0.61122775,0.008740944557800612
-0.00038618985665675237,0.6234424,-0.0004799306091325395
-0.011653897246755664,0.6019068,-0.01364675826779335
-0.0070229133649001955,0.62280554,-0.007959510735240403
-0.007244906241251436,0.65891707,-0.00842267671157905
0.018306159168068423,0.63737917,0.022420272225481288
0.0004520223314260987,0.65588313,0.0005097956741897386
-0.004589940106139578,0.6326936,-0.00525523782503749
0.004473938678128501,0.6673775,0.005068777411750609
-0.0016980601763822356,0.6597837,-0.0019713789043864336
-0.0015845521242282676,0.64268625,-0.0018773552723831447
0.0029537959647754713,0.66694856,0.00344081137219076
-0.0063981118408584,0.6774579,-0.00802555776191248
0.011820684495940275,0.6815501,0.014647063693922399
0.009400726643537732,0.6853999,0.011322504989291885
-0.0014469081048911299,0.6990986,-0.0017153190742036713
0.00015502212006342895,0.647628,0.0001837639265562795
-0.011285467591035648,0.618945,-0.01342362558533893
-0.00734552630810634,0.60937,-0.008411160857519277
0.008719468007813189,0.5418465,0.008743623356383378
0.012964678470561307,0.520441,0.0
1.6597371847132615e-05,0.4773426,0.0
-0.006127348308554056,0.54826754,-0.0
0.009806205225247602,0.56903446,-0.001085068578936831
0.014429813003698591,0.5704378,0.01562501692516726
-0.0020055966171231535,0.549773,-0.0021136262827425854
0.0023511399209773416,0.54184175,0.0014193886883236122
-0.003819299050254716,0.5316816,-0.0
0.006169581824473739,0.51530564,0.0
0.0011474039243306734,0.5623281,-0.00121716464656378
0.00927797202197809,0.6045881,0.011287372350300685
0.006908573012091412,0.6697593,0.008362258471573023
0.0008190721066989003,0.67643607,0.0009198627035808255
0.012104580613972495,0.6100614,0.015345120600785125
-0.0036783765041793633,0.59961784,-0.004674529369143577
-0.0047463350129989534,0.51573175,-0.007400062808608833
-0.005259104752073192,0.54567426,-0.0
0.003703931492143101,0.6048752,-0.0013761881349561294
-0.007688274646174999,0.57645446,-0.010621071126279651
-0.004496944988568732,0.60893536,-0.006018210546673642
0.011390749111161978,0.591889,0.015042714459201542
-0.00035414099131051867,0.584629,-0.0004581580682711642
0.00446355030706766,0.6186851,0.005716755365042515
0.012194363542047098,0.59250396,0.016033024274546687
0.0011699794115172667,0.5742314,0.0015115403342714293
-0.001970253724794079,0.5995707,-0.00263239652081656
-0.007954065646646679,0.5889516,-0.010646594664634293
-0.0028692018130783976,0.5675626,-0.0037768083801864036
0.0024021409113198465,0.57194984,0.003221792481480687
0.006719588375374019,0.5470348,0.008043259665072956
0.007383907274726066,0.5565103,-0.001470227799127086
0.008434464545651308,0.5999468,0.012379994014968811
-0.0010249283909394152,0.63766575,-0.0015231383229918393
0.0038479657928689906,0.61860657,0.005687266426535004
0.007092079866132413,0.59996676,0.010698090605108847
0.002355127288214308,0.5523104,0.003790271498951382
-0.006779827935203091,0.52397937,-0.012676447755970186
0.00032403616034929714,0.5465096,0.0
0.004026040079380466,0.5768163,-0.0016018624584079278
0.0028107361900185906,0.6114217,0.004502377256353365
-0.00015545953102232801,0.64553785,-0.0002910351513753647
-0.006445383413132824,0.59577775,-0.010623532026059838
0.009829370430759215,0.53542054,0.014267863670772417
0.001467639686456588,0.561978,-0.0016534034788580703
-0.002668649552448092,0.5228964,-0.0044201592697257
-0.013936213041362479,0.57196176,-0.023298387022688063
-0.002551225471073565,0.5744025,-0.003880013969541862
-0.005314157902846691,0.52784353,-0.009672085322597833
0.008983606486224115,0.51626337,0.0
-0.0042271921162503985,0.45236698,-0.0
-0.007063614178722384,0.4341404,-0.001551779641666579
0.00025067867280430234,0.5046724,-0.00038963984218073775
-0.001070270844302202,0.5429628,0.0016526752726402371
0.005734002623310711,0.57088387,-0.012163036363940626
-0.01161812781595577,0.6122048,-0.020813904842989336
-0.007584085099898291,0.5580974,-0.0015081591025018876
-0.007742807942464193,0.5297657,-0.011679498752974537
-0.00014871734634479337,0.53913814,-0.00022911646901603632
0.006855621481266927,0.58248717,0.010357014177126964
-0.0027813276757572996,0.62506694,-0.004163153830957273
0.010984339528236568,0.6253781,0.016589658894872537
-0.013549352271636728,0.61845744,-0.019971546352824537
0.0066955004651777115,0.58843994,0.009484304966396026
0.006245079067666134,0.5889124,0.008668972179560428
0.014404063193709078,0.56211126,0.01974786340147907
0.003825846552871078,0.58463967,0.004969281447617133
-0.0015981994617744674,0.5287185,-0.0033664138834847914
0.0017974987346973908,0.5252264,0.0
-0.004202988631722878,0.5776619,-0.0013128450758907641
-0.006996014982140269,0.584601,-0.009197381485486308
-0.0032164457388538853,0.64554554,-0.00418413974974784
0.0014256065998095636,0.63893193,0.0018382027798932751
0.006700967914687292,0.60080886,0.00875269871649865
-0.005712178253097675,0.58535874,-0.007633054701163746
0.0012408533743639763,0.5641452,0.0016451353171516915
0.008394595322361255,0.5475684,0.009803032741705376
-0.01223415180476216,0.5392461,-0.0
0.0007210364692304275,0.56229436,-0.0013211525543488643
-0.0021533296397587003,0.5944667,-0.0028840833884595427
-0.00943920419628743,0.5938508,-0.012871039266814587
-0.016536919383296593,0.59884155,-0.022079573371260822
-0.002298227818114063,0.5858223,-0.0028613783474465354
0.004014975072918378,0.5928833,0.004989630022578021
-0.01484415246260651,0.61785865,-0.018388590129676988
0.00022929234073573945,0.5831866,0.00023864001777128952
0.005875870191335131,0.57077736,0.007188863993449602
-0.0027132618316359543,0.534179,-0.004537980965655757
7.93569369450002e-05,0.5186688,0.0
-0.013839386192786596,0.51611096,-0.0
0.008077046499528945,0.51472795,0.0
-0.001304890870903706,0.5270926,-0.0
0.011745651817869686,0.53823644,0.0
0.006284078210122863,0.5361207,0.0
0.005194458121892151,0.5612364,-0.0012302758175876756
0.004283828458404049,0.5583365,0.005189620080253141
-0.00626601756975706,0.54337794,-0.008215686331763066
-0.005031500672192469,0.53486603,-0.007899290509266929
0.010538642802515675,0.5445078,0.0
-9.825273737632877e-05,0.5736913,-0.00125538393363514
-0.0134904087798078,0.5736195,-0.01697897322887673
-0.00851903287127158,0.57555807,-0.010342071676891258
-0.012665138839067619,0.60026014,-0.01633670153717501
-0.0016870116855371607,0.59526217,-0.0011825132470860192
0.00723953848428428,0.58737475,0.008539760984657897
-0.0144434450238718,0.5643642,-0.01793638879434864
-0.011903071819740901,0.55765784,-0.001127539321102819
-0.004811847473860467,0.5422868,-0.006553086555029764
0.011938472662387473,0.5452751,0.0
0.006454089516253103,0.5458055,0.0
0.01045120477236935,0.55744964,-0.001060355534433435
0.018682933707450767,0.5534799,0.0197832005584893
0.009349870068505359,0.5177411,0.00964187201556471
0.0017514722358354287,0.53796685,0.0007638139373326615
0.002836092853742051,0.57533425,-0.0010694429467807108
0.0010044104937159237,0.58514756,0.0010740850075151582
-0.008116693546781866,0.5907567,-0.008692146526045842
0.015495750946117397,0.5724812,0.01635474881985819
-0.0008361817183885554,0.5730504,-0.0008480725264340907
0.018895372579792118,0.57958955,0.019130265659974395
0.0015957409821857353,0.59460574,0.0015879921141161567
0.0011897079547857176,0.6248926,0.0011962769500432776
0.001281231235307117,0.5984029,0.0012722941939126103
0.007363111900241855,0.5893952,0.007577804259495539
-0.0020229888353639485,0.57926196,-0.0020781670870870387
0.0040529104462859586,0.5638009,0.004163906054742969
0.0005966897859418467,0.56675214,0.000600664870098166
-0.0019560543989118767,0.5763409,-0.0020417848421096754
0.0009796251443603633,0.55418813,0.0010073875715811862
-0.0009466837466314408,0.543615,-0.0020745512910111995
0.0037769254317097426,0.5745535,-0.0011212235688482389
0.005856563720831881,0.5465408,0.0065383194700492555
-0.005423188556365092,0.58385086,-0.006285942685049142
-0.0005690295393971211,0.6097302,-0.0006867140695139476
-0.003913866864503334,0.6126466,-0.004720970267953342
0.00793661076084464,0.5789913,0.009413872747445257
0.0040871399543944914,0.57074696,0.005194053522052752
0.003916808322987291,0.5307402,0.00410530149068558
0.004588822762785496,0.54302526,0.0
0.013558334871097399,0.5686674,-0.0014351869830486262
0.002643573486435584,0.5989548,0.0037681225404206905
-7.626018125571418e-05,0.6619165,-0.00027021567032134777
0.004518139771880513,0.662334,0.007285719287765661
0.005849255111874366,0.6341379,0.00966222849912713
-0.01479314386197931,0.6229476,-0.024567832796168986
0.010248768808426746,0.5883495,0.014664235647181043
0.0016586857676585973,0.5818988,0.002258176701490666
0.0042227574320808665,0.5668071,0.00609773589779171
0.001429440191270794,0.56390995,0.002247905687205666
0.00037010202546043294,0.58693105,0.0003277219546998448
-0.0028304729405973033,0.61536646,-0.005252055280900686
-0.0056766607736152535,0.6114645,-0.010383744102808182
-0.008048614138589356,0.6267318,-0.014231042006046827
-0.0034342752987847674,0.5952382,-0.005743957474309427
0.0018240091559410564,0.59396476,0.003061667957761593
0.014015944554170894,0.5728287,0.02358190586370071
-0.0014789856520085827,0.5573302,-0.00231873293745117
0.005649981630437057,0.57465947,0.00880005058894156
-0.0006712890079635445,0.5626931,-0.0010472070177162762
0.000750705516790942,0.5093422,-0.00038670006714153064
-0.0037383195269974014,0.51545405,-0.0
-0.005632727126755614,0.5288718,-0.0
0.008766703823143346,0.5193855,0.0
0.012238325448586978,0.5074806,0.0
0.0021919176249994518,0.49776503,0.0
0.0029171108294476097,0.54000276,0.0
0.0008115975316074011,0.57271016,-0.001492268060861614
0.005246588037015782,0.6002145,0.007824729314999564
-0.0006520097295812581,0.6357541,-0.0009709952419249278
0.007528373454764443,0.60656154,0.011133829242978593
-0.0006008383255448868,0.5272545,-0.0025010039669169986
-0.016236849210437138,0.54132533,-0.0
0.012416278158137136,0.6109236,-0.00132164806267987
0.01062778656727616,0.57491297,0.014017286529069094
-0.0031914237372665188,0.5580392,-0.00424100546386627
0.0023077414970195317,0.5429095,0.0018413811194267853
0.008207686941110404,0.53142345,0.0
0.0005704210043095041,0.5184709,0.0
0.005725915680010496,0.52755684,0.0
-0.0009484842479367333,0.5494072,-0.0
-0.013769924628609516,0.53335655,-0.0
0.009534552876317806,0.54229426,0.0
0.005804379994274536,0.54901415,0.0
-0.004815052297481881,0.54799247,-0.0
-0.00602341471861729,0.5303121,-0.0
0.0012633936453387837,0.52586,0.0
0.020902892525288635,0.53669107,0.0
0.000347883187401346,0.479686,0.0
-0.0037939353954948773,0.51211625,-0.0
0.001704897379866935,0.56111735,-0.0012234985111224202
-0.0016595293098910274,0.56614125,-0.002037437547926625
0.005215459842940246,0.59705436,0.00639807130591589
0.007975944524103152,0.5611582,0.009966991861594757
-0.0011939779196451562,0.56278026,-0.001532556656798906
-0.010245407650982216,0.55873525,-0.013265746065201674
0.005127940048403773,0.51175016,0.005093094463204507
0.01025140267075197,0.50371736,0.0
-0.006549938193064058,0.5427921,-0.0
-0.0011228682771074795,0.520255,-0.0
0.011139516903123828,0.52850455,0.0
-0.0019263722119467347,0.5180905,-0.0
-0.002875225275590514,0.5061315,-0.0
-0.0065040352016414536,0.55055016,-0.0012906925133040464
0.006298188540210646,0.532485,0.008102591941628897
0.0056332639304044856,0.5579639,0.0074182734893546085
0.008864755588637483,0.5602575,0.01166656398162618
0.0032313152161916633,0.5796321,0.004171729559011034
-0.0014031700392389051,0.5595394,-0.001846591043251046
-0.003059652944053102,0.5226965,-0.005318761738152577
-0.0028037098439858987,0.5143151,-0.0
0.008593584829366946,0.49979365,0.0
0.00111586969632302,0.51782656,0.0
-0.002015618697674536,0.49271145,-0.0
-0.007265376525161166,0.56314725,-0.0014078408869103165
0.0010905129734826208,0.592527,0.0015044438831531002
-0.012411021434197466,0.6380402,-0.017952785569572745
0.011038034140191113,0.5949394,0.014639943229695375
-0.0003746998416498481,0.5516456,-0.0005647855630906239
0.0014444649291463412,0.59281397,0.0021594449770548202
-0.009501997344824504,0.495442,-0.01594838473546604
0.007417237062676599,0.5757822,-0.0014300435385102706
-0.014657587227194067,0.53295356,-0.02106564194085734
-0.012094209111286908,0.5519503,-0.017354927293779604
-0.0020586110819627713,0.5812786,-0.001291541760317287
-0.005797375959001646,0.55714047,-0.008779094911627393
-0.0022106129083075,0.5434279,-0.0
-0.00879712229216473,0.51755977,-0.0
0.008693347692577057,0.5286755,0.0
0.011893565175507659,0.52976584,0.0
0.00021299169133898993,0.5370514,0.0
-0.004586941992108345,0.54292417,-0.0
0.010157393324738145,0.5359741,0.0
0.003172946586458158,0.525504,0.0
-0.015854748062202394,0.5667848,-0.001211607604009567
-0.0034417100283884727,0.5870153,-0.00418261051458263
0.009087032967538414,0.5748834,0.01112291685416927
0.012478549116088856,0.5827026,0.015203442454356222
0.010273174673899809,0.54865,0.010843093495334964
0.001342535767557365,0.6046535,-0.0011364911425617017
-5.840755502407799e-06,0.5736103,-8.635542271106366e-06
0.005078041051206984,0.5617195,0.00576701037390014
0.0016480405220221236,0.58029914,0.0018993119559828821
-0.00024134200056490722,0.5440428,-0.0014303608632409914
0.0048261573329416285,0.565688,-0.0011625442691205942
0.011647822729747433,0.5107327,0.01350487201997286
-0.002083836590091067,0.5824254,-0.002395805207781069
0.0011640915625656912,0.55451155,0.001333600061591886
0.0009159772293180269,0.5700252,0.001107416887879414
0.0024987547504399885,0.5384937,0.001813041981539806
-0.002709792953574995,0.5668124,-0.0012421952551569832
-0.007408177065866255,0.54741335,-0.00920980561785713
0.0069766545835699915,0.55849814,0.008534561477958733
0.00024876634320816234,0.5455039,-0.0009878332627176146
-0.007394308963865464,0.5317657,-0.0
-0.005992954695182317,0.5099466,-0.0
0.007995827014861644,0.52227575,0.0
0.0011154532664403294,0.5584221,-0.0014111283298979655
0.0015016731791618666,0.5544396,0.00209372136443597
0.011778026890628951,0.552635,0.016917343611854496
-0.00019983207671687915,0.5316743,-0.001725103776001824
-0.0011158557764938712,0.5497668,-0.0
0.002577529120385401,0.53953165,0.0
0.0027067176363694536,0.5371759,0.0
0.008467727485612279,0.5483582,0.0
0.002341902372724434,0.5531177,-0.0017606244612913453
-0.00039393152328162455,0.5647633,-0.0007318259696189459
0.007635167509323181,0.55697197,0.013643286628066544
0.002518153318255294,0.5448273,0.0028698962157615703
-0.002529134097424544,0.5523823,-0.001957128714029437
-0.0015633508672877995,0.57750994,-0.003071051618458676
-0.003069879165536705,0.5838626,-0.005986855894264794
0.003925875977027241,0.5995513,0.007577210864115426
0.0015711966539216978,0.6009264,0.0030184962099741586
0.0009069071498914818,0.5834108,0.0017343650934775248
-0.004092006750768911,0.57095057,-0.008008334550631378
0.002671979413855543,0.5741142,0.005343958827711086
0.006176220001699961,0.52494895,0.010352440003399922
0.005071552502361579,0.55834734,-0.002
0.005433970450814117,0.54383683,0.010861931316997078
0.0010161903345194988,0.5544706,0.002020264202591185
0.0007408005596190032,0.5670589,0.0014816011192380063
0.010156319141463652,0.5566098,0.020312638282927304
-0.008801664729500688,0.51038647,-0.019603329459001374
0.005501871437104753,0.526793,0.0
0.002822213369996086,0.5328607,0.0
0.006369053434555424,0.5593531,-0.002
-0.014025445845817563,0.6089816,-0.030050891691635127
-0.007847116540880748,0.61912435,-0.0
-0.007165871335831277,0.5955566,-0.0017388609756078732
0.01073422510868902,0.58723193,0.01857976374620324
-0.001559331743709125,0.5538888,-0.0025800679047504726
-0.02342123286863915,0.59110403,-0.04032615138539341
-0.005155894935916243,0.56105477,-0.001288743113853406
0.011029423588139424,0.59358215,0.014194318222302734
0.0008129719928311104,0.5846225,0.0010299793120791753
-0.00497251482812642,0.56319225,-0.006328192565716497
0.01566998746951405,0.5256265,0.018493352560915523
-0.013788118496643166,0.5063586,-0.0
-0.018552903310603754,0.5522449,-0.001056458413820211
-0.03042704491903976,0.52147156,-0.03320136602622527
0.010300848108541483,0.5404597,0.0
-0.0077647182215301175,0.54854184,-0.0
0.022781147375038033,0.5406964,0.0
0.004660798836748828,0.5347459,0.0
4.301799469195258e-05,0.5407227,0.0
0.016707244746110995,0.5463822,0.0
0.0038164392652453587,0.5610813,-0.0007880881998167639
0.016004480092897306,0.54317564,0.012591749830999146
0.0019878050462169114,0.5586228,0.001522190410916059
0.009675327436177775,0.5614098,0.007433827301913739
-0.0019865303083853466,0.571483,-0.0015125854478771625
0.004230718208756784,0.5472443,0.002458157828845772
-0.008972949265109281,0.59532076,-0.0007679410108040029
0.011417950509786869,0.57863605,0.008759720951012342
-0.0031587244753279505,0.5660806,-0.00239876058772769
0.0015939320685857802,0.5651527,0.001206689219008204
-0.005993895630696072,0.48904434,-0.005333073913686012
-3.937718878524746e-05,0.5430744,-0.0
0.010042449678727949,0.53204745,0.0
-0.02137795857708905,0.5564837,-0.0007484332609734525
-0.0016038377951483717,0.5728349,-0.001200375406071885
-0.0030225686776585267,0.55495185,-0.002310563192102442
-0.017410956501660302,0.540821,-0.01467031876392445
0.011513537623655118,0.53262657,0.0
0.004462697280544895,0.54190946,0.0
0.010608562298418615,0.56286514,-0.00076161829493607
0.007467355205302854,0.5587918,0.00567140901732767
0.005393132619719008,0.56106293,0.004175215049950169
0.0012558365722950496,0.5802183,0.00095702630049231
0.0002645267427811723,0.56802154,6.650816384481476e-05
-0.002900656472147571,0.5973762,-0.0028834595832295993
0.016834344347775216,0.5801456,0.016782042611133814
-0.001942908025509133,0.6147901,-0.0019842746152888757
0.0028053310126077776,0.6013642,0.002969628094304217
0.0025080395629490885,0.5744251,0.0026579543470762164
-0.0018629814234676144,0.5468751,-0.003038766752764742
0.004030533159417915,0.51628846,0.0
-0.0012540037207240593,0.5473146,-0.0
0.004227610860015236,0.5379861,0.0
-0.009367852083837029,0.58148754,-0.001157808597175691
0.0001383744853669804,0.59964746,0.00015822988833997135
-0.001682829077170099,0.58885485,-0.001954264775941214
0.008930258752344386,0.56525785,0.01037125302763393
-0.009632266887648084,0.5422685,-0.012449854095642542
0.009642717062669982,0.54434586,0.0
0.007088221284281855,0.52475613,0.0
-0.0020722625727921944,0.54664886,-0.0
0.006033612070930506,0.5565516,-0.001146688931920097
0.007678112421909297,0.5529096,0.008793803446539763
-0.0076385605263090735,0.58451253,-0.008998947255278647
0.004668224330944394,0.5691135,0.006142876777983911
-0.0001711751289730041,0.5606214,-0.00023454149696861936
0.003963685753909906,0.55551803,0.005039102832258268
-0.001824425690051015,0.5636932,-0.002867224713043943
-0.00047496920248329765,0.5816149,-0.0007579377259331512
-0.00923382884202753,0.5746192,-0.01472763765909615
0.002143483223861935,0.56858194,0.003314723442916084
-0.0002995012924803059,0.5413039,-0.0020624352678859036
0.0026479342320958167,0.538775,0.0
0.0016128255484917926,0.54303896,0.0
-0.0033056916849058663,0.54969436,-0.0
-0.018790130344478826,0.56448185,-0.0015164017888082935
0.004084156364708399,0.5670695,0.006185026448477086
-0.0028160512430738817,0.5746056,-0.004247668096923835
0.012191044222074426,0.5535302,0.0182958970059042
0.02498126842445852,0.5655965,0.03530257106355621
0.00740376115471459,0.54866177,0.007555619729552751
0.0037497871280743012,0.5593775,-0.0011708129462945083
0.0009686010967537704,0.5696462,0.0011316395746454396
-0.0028968576119681997,0.5829426,-0.003430567382028554
0.0002322093802152858,0.59033465,0.00027975419808914785
-0.006068115130808034,0.5966736,-0.007329018556891997
-0.013291430117524686,0.5928913,-0.015855511196980122
0.003910159757632154,0.55694973,0.0044478994240161095
0.003955756737767029,0.52867556,0.003476765593987266
2.1953525975269803e-05,0.5566365,-0.0012103794395876347
0.005326252205317207,0.58984566,0.006442795314747937
0.0034619456958679103,0.6378599,0.004169713701259456
0.0030159322786172116,0.6161272,0.0036438058555969817
0.0057057028801834955,0.60291356,0.006988157361161636
-0.003808489668241181,0.55792487,-0.004751544932745165
0.00559212897637861,0.5410603,0.005707582687502967
0.00244546064379511,0.57009983,-0.0012379517389880376
0.00045135047056669617,0.60520893,0.0005558286543663496
0.0060331731394164595,0.6522628,0.007478914925380613
-0.0018715141474988108,0.64568806,-0.0023473679847604138
0.002492336116449395,0.6283767,0.0031711772376315176
-0.0061631636910536945,0.60956603,-0.007862451312791402
-0.0029682774520069484,0.5301953,-0.004963750462926266
0.008132612356333216,0.5732548,-0.001227769867738349
-0.005428724655914839,0.52735895,-0.006673839933378691
-2.647421947437086e-05,0.59248775,-0.0002099075565545122
0.0037921658402554647,0.5643281,0.005296234064774918
-0.00387147701342074,0.59926844,-0.005415817276953316
-0.0299365039227115,0.5499679,-0.043050089903888526
-0.0008654904725162531,0.5197455,-0.0
0.010810476069146337,0.50248283,0.0
0.0072608451364585954,0.48870662,0.0
0.010982230751846723,0.5197208,0.0
-0.0004057418672683852,0.5285413,-0.0
-0.011117305045920624,0.55621827,-0.0011652450215842752
-0.01075967362421529,0.56359404,-0.013702901146072775
-0.0042939965269850194,0.5602224,-0.0
-0.0022263668704325186,0.5602359,-0.0011937605459805452
0.01251735500866639,0.53327173,0.014898930338239243
0.0055227718711133795,0.5507821,0.0063428906892201275
-0.011166021880977858,0.54715884,-0.013891836531495881
0.0015591415817859426,0.5434799,0.0
-0.015531644353894208,0.5582796,-0.0010648670402472848
0.0015742085383317062,0.5383736,0.0016673209367230257
0.001145633365255651,0.5566952,0.0012293786869626833
0.01814713236986152,0.57335585,0.019435284720234536
-0.00211493906253884,0.58760136,-0.002129734342765814
0.009941492972741876,0.6063204,0.009997100599028306
0.008729996462336407,0.5982712,0.008610002158718934
0.00611918394559309,0.5797813,0.0059878219027916825
0.005299428667569285,0.5554269,0.005153942279805632
-0.002859228002675281,0.53740615,-0.0037414967960660243
-0.014688050929106519,0.53784436,-0.0
0.009175642481344757,0.5395111,0.0
-0.004689869973330405,0.5507745,-0.0009379685417820914
0.005261537692963087,0.5735307,0.0049308134451524245
-0.005059597929813555,0.56628543,-0.004725423290644054
-0.007637697226968881,0.5697207,-0.007124520016764664
0.007198914289755582,0.58658874,0.006492454818978085
0.0039010542911933218,0.56528497,0.004274591419812533
0.003637667152064931,0.5865233,0.0039591598642429995
-0.00950984741710722,0.6157874,-0.010650030588146052
0.00669011117445069,0.5870593,0.007361443001681353
0.0003395319691350316,0.6642935,0.0003812151422027178
-0.0027275856423612647,0.5382694,-0.004186353052059144
0.010372311706446853,0.5497356,0.0
-7.193962419040504e-05,0.55891174,-0.0011796577762036105
0.002442004413430194,0.53480595,0.0028769675106092305
0.0023741449166038158,0.5872541,0.002767437295058987
-0.0043436076955043704,0.5969812,-0.005325999973643355
-0.017211390621536333,0.6168025,-0.0211099728875896
-0.004981496424580739,0.5899851,-0.005807634856950277
-0.004690715138395557,0.5745265,-0.005495812421130209
0.00013602198153650838,0.55085385,0.00016730702224192944
-0.01599175376226331,0.59951556,-0.020922456394803002
0.015729784552448858,0.6013388,-0.001169211777897572
-0.017753405185823436,0.5701267,-0.021926702218950166
-0.012310286099613738,0.58244383,-0.0
0.011097475876098701,0.54752624,0.0
-0.017979683452730162,0.57185674,-0.0010228648406181346
0.005505439261352223,0.5616277,0.005630694095063364
